Netflix Tiles,Cleaned titles
Navarasa,navarasa
Vivo,vivo
The Swarm,the swarm
Hit & Run,hit & run
Quam’s Money,quams money
’76,76
Cooking With Paris,cooking with paris
Cocaine Cowboys: The Kings of Miami,cocaine cowboys the kings of miami
Pray Away,pray away
Shaman King,shaman king
Shiny_Flakes: The Teenage Drug Lord,shiny_flakes the teenage drug lord
Top Secret UFO Projects: Declassified,top secret ufo projects declassified
City of God: 10 Years Later,city of god 10 years later
Myth & Mogul: John DeLorean,myth & mogul john delorean
Centaurworld,centaurworld
The Last Mercenary (Le dernier mercenaire),the last mercenary le dernier mercenaire
Rurouni Kenshin: The Beginning (Sai shûshô),rurouni kenshin the beginning sai shûshô
Transformers: War for Cybertron: Kingdom,transformers war for cybertron kingdom
Resort to Love,resort to love
The Snitch Cartel: Origins (El Cartel de los Sapos – El Origen),the snitch cartel origins el cartel de los sapos – el origen
Tattoo Redo,tattoo redo
Bartkowiak,bartkowiak
Living in the Wild (La vie sauvage des animaux domestiques),living in the wild la vie sauvage des animaux domestiques
Action Man (Le soleil des voyous),action man le soleil des voyous
Champagne,champagne
Bright Spin (30° couleur),bright spin 30 couleur
Danger Within,danger within
Vengeance of the Three Musketeers (Les trois mousquetaires: La vengeance de Milady),vengeance of the three musketeers les trois mousquetaires la vengeance de milady
The Dog Who Loved Music (Le chien mélomane),the dog who loved music le chien mélomane
Plastic Cup Boyz: Laughing My Mask Off!,plastic cup boyz laughing my mask off
Drummer-Crab (Le Crabe-Tambour),drummer-crab le crabe-tambour
Dentist on the Job,dentist on the job
It Had to be You (Ma vie n’est pas une comédie romantique),it had to be you ma vie nest pas une comédie romantique
The Sensuous Assassin (Qui?),the sensuous assassin qui
The Fighting Musketeers (Les trois mousquetaires: Première époque – Les ferrets de la reine),the fighting musketeers les trois mousquetaires première époque – les ferrets de la reine
Armageddon (Armaguedon),armageddon armaguedon
One Summer (Le passager de l’été),one summer le passager de lété
Me Two (La personne aux deux personnes),me two la personne aux deux personnes
Dance with Him (Danse avec lui),dance with him danse avec lui
The Burned Barns (Les granges brûlées),the burned barns les granges brûlées
Cold Cuts (Buffet froid),cold cuts buffet froid
Chinese in Paris (Les Chinois à Paris),chinese in paris les chinois à paris
"Chéri, fais-moi peur",chéri fais-moi peur
Dead of Night,dead of night
Robbery,robbery
The Big Store (Le grand bazar),the big store le grand bazar
The Golden Ball (Le ballon d’or),the golden ball le ballon dor
And Hope to Die (La course du lièvre à travers les champs),and hope to die la course du lièvre à travers les champs
Kill Them All and Come Back Alone (Ammazzali tutti e torna solo),kill them all and come back alone ammazzali tutti e torna solo
Ladies First (Les femmes d’abord),ladies first les femmes dabord
Miracle Healing (Le miraculé),miracle healing le miraculé
Weapon,weapon
Sally in Our Alley,sally in our alley
"Great, My Parents Are Divorcing! (Génial, mes parents divorcent!)",great my parents are divorcing génial mes parents divorcent
Amazone,amazone
Diamond Machine (Vous pigez?),diamond machine vous pigez
Love Lies (Si elle dit oui… je ne dis pas non),love lies si elle dit oui… je ne dis pas non
Fantastic Fungi,fantastic fungi
The Show Goes On,the show goes on
The Lady Is a Square,the lady is a square
Old Lady Who Walked in the Sea (La vieille qui marchait dans la mer),old lady who walked in the sea la vieille qui marchait dans la mer
Céleste,céleste
Picnic on the Grass (Le déjeuner sur l’herbe),picnic on the grass le déjeuner sur lherbe
The Dogs (Les chiens),the dogs les chiens
Death at Broadcasting House,death at broadcasting house
Shock Treatment (Traitement de choc),shock treatment traitement de choc
Baby and the Battleship,baby and the battleship
Projection privée,projection privée
Dr. Who and the Daleks,dr. who and the daleks
Radio Parade of 1935,radio parade of 1935
A Full Day’s Work,a full days work
"Going and Coming Back (Partir, revenir)",going and coming back partir revenir
Johnny Frenchman,johnny frenchman
Six-Pack,six-pack
Choice of Arms (Le choix des armes),choice of arms le choix des armes
The Horse of Pride (Le cheval d’orgueil),the horse of pride le cheval dorgueil
Lola,lola
Trouble Brewing,trouble brewing
The Man Upstairs,the man upstairs
The Case Against Ferro,the case against ferro
Rome 2033 – The Fighter Centurions (I guerrieri dell’anno 2072),rome 2033 – the fighter centurions i guerrieri dellanno 2072
Rosa Luxemburg,rosa luxemburg
It’s in the Air,its in the air
Brighton Rock,brighton rock
Mimi,mimi
Um Dia com Jerusa,um dia com jerusa
The Last Letter From Your Lover,the last letter from your lover
Masters of the Universe: Revelation,masters of the universe revelation
A Second Chance: Rivals!,a second chance rivals
Revelations: The Masters of the Universe: Revelation Aftershow,revelations the masters of the universe revelation aftershow
Bankrolled (Fondeados),bankrolled fondeados
Blood Red Sky,blood red sky
Feels Like Ishq,feels like ishq
Kingdom: Ashin of the North,kingdom ashin of the north
African America,african america
Words Bubble Up Like Soda Pop (Cider no yô ni kotoba ga wakiagaru),words bubble up like soda pop cider no yô ni kotoba ga wakiagaru
Too Hot to Handle: Brazil,too hot to handle brazil
Trollhunters: Rise of the Titans,trollhunters rise of the titans
Sexy Beasts,sexy beasts
Wannabe Courageous,wannabe courageous
Sanitation Day,sanitation day
The Tambour of Retribution (Had Al Tar),the tambour of retribution had al tar
Johnny Test,johnny test
Fear Street Part 3: 1666,fear street part 3 1666
Deep,deep
Naomi Osaka,naomi osaka
A Perfect Fit,a perfect fit
Honey Boy,honey boy
District 9,district 9
My Amanda,my amanda
Charlie’s Angels,charlies angels
Little Man,little man
Echo in the Canyon,echo in the canyon
The Magnificent Seven,the magnificent seven
The Good Doctor,the good doctor
The Cook of Castamar (La cocinera de Castamar),the cook of castamar la cocinera de castamar
Happy Death Day 2U,happy death day 2u
Chernobyl 1986,chernobyl 1986
Chappie,chappie
Rust Creek,rust creek
Emicida: AmarElo – Live in São Paulo,emicida amarelo – live in são paulo
Fighting with My Family,fighting with my family
The Score,the score
La ley de Herodes (La ley de Herodes),la ley de herodes la ley de herodes
Grimoire of Zero,grimoire of zero
Elysium,elysium
2 Weeks in Lagos,2 weeks in lagos
Child’s Play,childs play
Top Gun,top gun
Scary Movie 2,scary movie 2
Of Fathers and Sons (Kinder des Kalifats),of fathers and sons kinder des kalifats
Private Network: Who Killed Manuel Buendía?,private network who killed manuel buendía
The Unknown Saint (Le Miracle du Saint Inconnu),the unknown saint le miracle du saint inconnu
Lift Like a Girl,lift like a girl
My Unorthodox Life,my unorthodox life
Heist,heist
A Classic Horror Story,a classic horror story
The Guide to the Perfect Family (Le Guide de la famille parfaite),the guide to the perfect family le guide de la famille parfaite
Killer Under the Bed,killer under the bed
Ridley Jones,ridley jones
Day of Destiny,day of destiny
The Stand-Up,the stand-up
The Water Man,the water man
The Tour,the tour
Last Summer (Geçen Yaz),last summer geçen yaz
How to Become a Tyrant,how to become a tyrant
Fear Street Part 2: 1978,fear street part 2 1978
Lee Su-geun: The Sense Coach,lee su-geun the sense coach
How I Became a Superhero (Comment je suis devenu super-héros),how i became a superhero comment je suis devenu super-héros
RESIDENT EVIL: Infinite Darkness,resident evil infinite darkness
Elize Matsunaga: Once Upon a Crime (Era Uma Vez Um Crime),elize matsunaga once upon a crime era uma vez um crime
Finding Hubby,finding hubby
Cat People,cat people
The War Next-door,the war next-door
Back to Q82,back to q82
Fellini – I Am A Clown,fellini – i am a clown
Let’s Rob the Bank (Faites sauter la banque!),lets rob the bank faites sauter la banque
Happy End,happy end
This Little Love Of Mine,this little love of mine
We the People,we the people
The 8th Night (Je8ileui Bam),the 8th night je8ileui bam
Haseen Dillruba,haseen dillruba
Big Timber,big timber
Fear Street Part 1: 1994,fear street part 1 1994
Young Royals,young royals
RattleSnake – The Ahanna Story,rattlesnake – the ahanna story
Generation 56k,generation 56k
Dynasty Warriors,dynasty warriors
Quarantine Tales,quarantine tales
Mobile Suit Gundam Hathaway (Kidô senshi Gandamu: Senkô no Hasauei),mobile suit gundam hathaway kidô senshi gandamu senkô no hasauei
Holiday on Mars (In vacanza su Marte),holiday on mars in vacanza su marte
Audible,audible
Jump,jump
Sophie: A Murder in West Cork,sophie a murder in west cork
The Hobbit: The Desolation of Smaug,the hobbit the desolation of smaug
Masameer County,masameer county
Somos.,somos.
The Hobbit: The Battle of the Five Armies,the hobbit the battle of the five armies
America: The Motion Picture,america the motion picture
Carrossel,carrossel
Crash Pad,crash pad
Legend of Exorcism,legend of exorcism
Cesare Lombroso – The Dark Side,cesare lombroso – the dark side
Sunny and the Elephant,sunny and the elephant
Life Is a Miracle (La vie est un miracle),life is a miracle la vie est un miracle
The Big Apartment,the big apartment
"Baikonur, Earth",baikonur earth
Mommy Issues,mommy issues
Let It Rain,let it rain
Cash Truck (Le convoyeur),cash truck le convoyeur
Goodbye Saigon,goodbye saigon
I Do: How to Get Married and Stay Single,i do how to get married and stay single
Four Seasons In Rural Sicily,four seasons in rural sicily
Raining Cats and Frogs,raining cats and frogs
Our Pope,our pope
Enzo Avitabile Music Life,enzo avitabile music life
The Daily Life of the Immortal King,the daily life of the immortal king
Seven Women,seven women
Tom Thumb,tom thumb
John Turturro and the Soul of Naples,john turturro and the soul of naples
Deranged,deranged
A Way Back Home,a way back home
Voiceless,voiceless
Sex/Life,sex/life
Ray (X-Ray: Selected Satyajit Shorts),ray x-ray selected satyajit shorts
Into the Wind,into the wind
Jiva!,jiva
Sisters on Track,sisters on track
The Parisian Agency: Exclusive Properties,the parisian agency exclusive properties
Here Comes the Rain,here comes the rain
Good on Paper,good on paper
The House of Flowers: The Movie,the house of flowers the movie
Murder by the Coast,murder by the coast
The Anonymous,the anonymous
Mahler on the Couch (Mahler auf der Couch),mahler on the couch mahler auf der couch
This Is Pop,this is pop
Broken,broken
Bad Luck Good Love (Pech to nie grzech),bad luck good love pech to nie grzech
Shark Tale,shark tale
Exterminator: Ready to Roll (Gotowi na wszystko),exterminator ready to roll gotowi na wszystko
"Even If I Wanted To Get A Job (Anche se volessi lavorare, che faccio?)",even if i wanted to get a job anche se volessi lavorare che faccio
Hollywoo,hollywoo
Laisse tes mains sur mes hanches,laisse tes mains sur mes hanches
The Brothers Grimsby,the brothers grimsby
Détective,détective
Marianne & Leonard: Words of Love,marianne & leonard words of love
The Mystic River,the mystic river
Mission: Impossible,mission impossible
Parasol (L’ombrellone),parasol lombrellone
What Dreams May Come,what dreams may come
Roxanne Lowit Magic Moments,roxanne lowit magic moments
The Stroller Strategy,the stroller strategy
Crocodile Dundee,crocodile dundee
Total Drama,total drama
The Adjustment Bureau,the adjustment bureau
Clueless,clueless
American Wedding,american wedding
That Guy From The Stands (Quel ragazzo della curva B),that guy from the stands quel ragazzo della curva b
Jean-Philippe,jean-philippe
Blindness,blindness
Porady Na Zdrady,porady na zdrady
Sniadanie do lozka,sniadanie do lozka
Backdraft,backdraft
Totem,totem
The Kingdom,the kingdom
Mother!,mother
Legiony,legiony
Don’t Ever Leave Me (Se non avessi più te),dont ever leave me se non avessi più te
War of the Worlds,war of the worlds
Relationship Status: It’s Complicated,relationship status its complicated
Les acteurs,les acteurs
Panie Dulskie,panie dulskie
"Mary, Queen of Scots",mary queen of scots
Kill Bill: Vol. 1,kill bill vol. 1
The Things of Life (Les choses de la vie),the things of life les choses de la vie
Meet Joe Black,meet joe black
Pitch Perfect,pitch perfect
Use For My Talent (Wǒ qīn’ài de xiǎo jiépǐ),use for my talent wǒ qīnài de xiǎo jiépǐ
Avenue Montaigne,avenue montaigne
The Song Of The Red Flower (Sången om den eldröda blomman),the song of the red flower sången om den eldröda blomman
When the Sun Goes Down (Quando tramonta il sole),when the sun goes down quando tramonta il sole
Friday the 13th,friday the 13th
Du jour au lendemain,du jour au lendemain
La Famille Belier,la famille belier
Anatomia zla,anatomia zla
Kung Fu Panda 3,kung fu panda 3
Lou! Journal infime,lou journal infime
Nanny McPhee,nanny mcphee
The Last Days,the last days
Bob Wilson’s The Life and Death of Marina Abramović,bob wilsons the life and death of marina abramović
Smolensk,smolensk
"Léon Morin, Priest (Léon Morin, prêtre)",léon morin priest léon morin prêtre
Against All Odds,against all odds
Johnny English Reborn,johnny english reborn
Dr. Seuss’ The Cat in the Hat,dr. seuss the cat in the hat
Arianna,arianna
You’ll See Me Returning (Mi vedrai tornare),youll see me returning mi vedrai tornare
Up in the Air,up in the air
Mobile Suit Gundam III: Encounters in Space,mobile suit gundam iii encounters in space
Mes stars et moi,mes stars et moi
Saints & Strangers,saints & strangers
Clergy (Kler),clergy kler
Kill Bill: Vol. 2,kill bill vol. 2
Godzilla Singular Point (Gojira shingyura pointo),godzilla singular point gojira shingyura pointo
The Purge,the purge
Podium,podium
Duisburg – Linea di sangue,duisburg – linea di sangue
Depression et des potes,depression et des potes
Miami Vice,miami vice
Nanny McPhee and the Big Bang,nanny mcphee and the big bang
Sophie Seeks 7,sophie seeks 7
I’m Not Worthy Of You (Non son degno di te),im not worthy of you non son degno di te
My Afternoons with Margueritte,my afternoons with margueritte
Life Must Go On,life must go on
Shall We Dance?,shall we dance
Warcraft,warcraft
Bridesmaids,bridesmaids
"Definitely, Maybe",definitely maybe
Couples Retreat,couples retreat
Prime Time,prime time
Major Grom: Plague Doctor (Mayor Grom: Chumnoy Doktor),major grom plague doctor mayor grom chumnoy doktor
Until Midnight,until midnight
Lisa With The Blue Eyes (Lisa dagli occhi blu),lisa with the blue eyes lisa dagli occhi blu
Mobile Suit Gundam: Char’s Counterattack,mobile suit gundam chars counterattack
Chouchou,chouchou
Mission: Impossible II,mission impossible ii
The Huntsman: Winter’s War,the huntsman winters war
The Man Who Cried,the man who cried
Money (Pengar – en tragikomisk saga),money pengar – en tragikomisk saga
Hop,hop
Rivals,rivals
Somewhere Amazing (In un posto bellissimo),somewhere amazing in un posto bellissimo
The Prey,the prey
Wave of Cinema: Filosofi Kopi,wave of cinema filosofi kopi
On fait comme on a dit,on fait comme on a dit
Swimming Pool,swimming pool
Inglourious Basterds,inglourious basterds
The Outlaw and His Wife (Terje Vigen),the outlaw and his wife terje vigen
The Eagle,the eagle
It Is Never Too Late (Det är aldrig för sent),it is never too late det är aldrig för sent
Paris,paris
Mullewapp: A Pig’s Tale,mullewapp a pigs tale
The Fifth Season of the Year,the fifth season of the year
Fireplace 4K: Crackling Birchwood from Fireplace for Your Home,fireplace 4k crackling birchwood from fireplace for your home
Fighter,fighter
The Top Floor (Ostatnie pietro),the top floor ostatnie pietro
My Piece of the Pie (Ma part du gâteau),my piece of the pie ma part du gâteau
Hold-Up,hold-up
Ali G Indahouse,ali g indahouse
Penguins of Madagascar: The Movie,penguins of madagascar the movie
You Are Always In My Mind (Pensando a te),you are always in my mind pensando a te
Lost in Translation,lost in translation
Mobile Suit Gundam II: Soldiers of Sorrow,mobile suit gundam ii soldiers of sorrow
Together Is Too Much,together is too much
Terminator Genisys,terminator genisys
Prosta historia o morderstwie,prosta historia o morderstwie
Octonauts,octonauts
Metallica: Some Kind of Monster,metallica some kind of monster
xXx: The Return of Xander Cage,xxx the return of xander cage
The Purge: Anarchy,the purge anarchy
CAMPING A LA FERME,camping a la ferme
So in Love (In ginocchio da te),so in love in ginocchio da te
Angeli del mare: Sea Angels,angeli del mare sea angels
Funny People,funny people
Pitch Perfect 2,pitch perfect 2
Sniper: Ultimate Kill,sniper ultimate kill
Fog in August,fog in august
Fireplace 4K: Classic Crackling Fireplace from Fireplace for Your Home,fireplace 4k classic crackling fireplace from fireplace for your home
Death Race,death race
Skylines,skylines
Wanted,wanted
The Lady in the Van,the lady in the van
Law School,law school
Have You Ever Seen Fireflies? (Sen Hiç Atesböcegi Gördün Mü?),have you ever seen fireflies sen hiç atesböcegi gördün mü
Speed Cross,speed cross
Beverly Hills Cop,beverly hills cop
Finding Neverland,finding neverland
Maly Jakub,maly jakub
Father (Ojciec),father ojciec
Eternal Sunshine of the Spotless Mind,eternal sunshine of the spotless mind
Cop or Hood (Flic ou voyou),cop or hood flic ou voyou
Gemini Man,gemini man
Slugi Wojny,slugi wojny
Notting Hill,notting hill
Alma Matters – Inside the IIT Dream,alma matters – inside the iit dream
Home,home
The Swindle (Squadra antitruffa),the swindle squadra antitruffa
The Craft,the craft
Perdono,perdono
Gundam Mobile Suit: Movie I: Special Edition,gundam mobile suit movie i special edition
Restons groupes,restons groupes
Santa in Training,santa in training
American Gangster,american gangster
Dans tes reves,dans tes reves
Rita The Mosquito (Rita la zanzara),rita the mosquito rita la zanzara
The Rainmaker,the rainmaker
Mafia Is Cose Nostre,mafia is cose nostre
Pokemon Journeys: The Series,pokemon journeys the series
Joy in the World (Szczescie swiata),joy in the world szczescie swiata
40 Days and 40 Nights,40 days and 40 nights
My Girl 2,my girl 2
Story Of Fear And A Knife (Storia di fifa e di coltello – Er seguito d’er più),story of fear and a knife storia di fifa e di coltello – er seguito der più
Corki dancingu,corki dancingu
Kim’s Convenience,kims convenience
The Blue Lagoon,the blue lagoon
Święty interes,święty interes
Le guignolo,le guignolo
Fear,fear
Hit Squad (Squadra antifurto),hit squad squadra antifurto
It’ll Happen To You Too (Zum Zum Zum 2),itll happen to you too zum zum zum 2
Disco,disco
Hanna,hanna
Bakugan: Armored Alliance,bakugan armored alliance
Never Back Down,never back down
L.A.’s Finest,l.a.s finest
Are We There Yet?,are we there yet
StartUp,startup
Asmaa,asmaa
Sons Of ‘Ndrangheta (Liberi di scegliere),sons of ‘ndrangheta liberi di scegliere
A New Protocol,a new protocol
Fonzy,fonzy
The Tale of Despereaux,the tale of despereaux
Indiana Jones and the Kingdom of the Crystal Skull,indiana jones and the kingdom of the crystal skull
Zombieland: Double Tap,zombieland double tap
Catch and Release,catch and release
Doomsday,doomsday
Hating Peter Tatchell,hating peter tatchell
The Adversary,the adversary
Luccas Neto em: Duas Babás Muito Esquisitas,luccas neto em duas babás muito esquisitas
Black and Blue,black and blue
Stavisky…,stavisky…
Mister T. (Pan T.),mister t. pan t.
A Family (Yakuza to kazoku),a family yakuza to kazoku
Table Manners,table manners
A Self-Made Hero,a self-made hero
Chicago,chicago
Ghost in the Shell,ghost in the shell
Anastasia,anastasia
R.I.P.D.,r.i.p.d.
"You, Me and Dupree",you me and dupree
678,678
Jeans And T-Shirt (Un jeans e una maglietta),jeans and t-shirt un jeans e una maglietta
Quelque Chose a Te Dire,quelque chose a te dire
Life,life
Viva Belarus!,viva belarus
Friday Night Lights,friday night lights
8 Mile,8 mile
Endless Love,endless love
It’s Complicated,its complicated
Let’s Eat,lets eat
Kapp to Cape,kapp to cape
Fifty Shades of Grey,fifty shades of grey
Pedale douce,pedale douce
Unfinished Time — Poems by Father Jan Twardowski (Czas niedokonczony),unfinished time — poems by father jan twardowski czas niedokonczony
Body of My Enemy (Le corps de mon ennemi),body of my enemy le corps de mon ennemi
Four Brothers,four brothers
A Thousand Words,a thousand words
My Daughter’s First Time (La prima volta (di mia figlia)),my daughters first time la prima volta di mia figlia
Grizzly Tour (Cicliste per Caso),grizzly tour cicliste per caso
Minority Report,minority report
El Nino,el nino
Na Ulady Nie Ma Rady,na ulady nie ma rady
Jaws,jaws
Shanty Town (Söderkåkar),shanty town söderkåkar
Letters to Juliet,letters to juliet
Beyond Evil (Gwimul),beyond evil gwimul
Don’t Be Bad (Non essere cattivo),dont be bad non essere cattivo
Autsajder,autsajder
Mama Drama,mama drama
No Strings Attached,no strings attached
Mission: Impossible III,mission impossible iii
7 Emotions (7 uczuc),7 emotions 7 uczuc
Moon,moon
Out of Sight,out of sight
Love Actually,love actually
Black Mercedes (Czarny Mercedes),black mercedes czarny mercedes
Playing with Fire,playing with fire
Russian Dolls,russian dolls
Cinema Bandi,cinema bandi
Les Miserables,les miserables
Love or Money,love or money
To Rome with Love,to rome with love
Don’t Die Too Hard!,dont die too hard
The Perfect Man,the perfect man
Mr. Bean’s Holiday,mr. beans holiday
Smurfs: The Lost Village,smurfs the lost village
The Inheritor (L’héritier),the inheritor lhéritier
Silver Skates (Serebryanye konki),silver skates serebryanye konki
Mine,mine
A Man Called Magnum (Napoli si ribella),a man called magnum napoli si ribella
Shutter Island,shutter island
"Je vais bien, ne t’en fais pas",je vais bien ne ten fais pas
Pret a tout,pret a tout
Unbroken: Path to Redemption,unbroken path to redemption
Black Thursday,black thursday
Sinbad: Legend of the Seven Seas,sinbad legend of the seven seas
Assassination Nation,assassination nation
S Is for Stanley,s is for stanley
Baywatch,baywatch
Layer Cake,layer cake
I’ll Sell My Skin Dearly (Vendo cara la pelle),ill sell my skin dearly vendo cara la pelle
Highlander,highlander
Clash,clash
Love Me No More,love me no more
August Sky – 63 Days of Glory (Sierpniowe niebo. 63 dni chwaly),august sky – 63 days of glory sierpniowe niebo. 63 dni chwaly
Doom,doom
Role Models,role models
Light the Fuse… Sartana Is Coming (Una nuvola di polvere… un grido di morte… arriva Sartana),light the fuse… sartana is coming una nuvola di polvere… un grido di morte… arriva sartana
The Priest Who Knocked Out (Prästen som slog knockout),the priest who knocked out prästen som slog knockout
Janis et John,janis et john
Je Prefere Qu’on Reste Amis,je prefere quon reste amis
Me Before You,me before you
Intolerable Cruelty,intolerable cruelty
Monster Trucks,monster trucks
The Hobbit: An Unexpected Journey,the hobbit an unexpected journey
Booba: Food Puzzle,booba food puzzle
Devil,devil
Rita the American Girl (la figlia americana),rita the american girl la figlia americana
Searching for Valentina-the world of Guido Crepax,searching for valentina-the world of guido crepax
Me and My Sister,me and my sister
Goodbye Berlin,goodbye berlin
Crocodile Dundee 2,crocodile dundee 2
Mortal Engines,mortal engines
O Vendedor de Sonhos,o vendedor de sonhos
Bridget Jones’s Baby,bridget joness baby
Villains,villains
Lake Placid vs. Anaconda,lake placid vs. anaconda
Illegal Woman (La dona il·legal),illegal woman la dona il·legal
Strain,strain
Jagame Thandhiram,jagame thandhiram
The Rational Life,the rational life
The World’s Most Amazing Vacation Rentals,the worlds most amazing vacation rentals
So Not Worth It,so not worth it
Fatherhood,fatherhood
Rurouni Kenshin: The Final (Rurôni Kenshin: Sai shûshô – The Final),rurouni kenshin the final rurôni kenshin sai shûshô – the final
Kambili: The Whole 30 Yards,kambili the whole 30 yards
Elite Short Stories: Carla Samuel,elite short stories carla samuel
Katla,katla
Ali & Ratu Ratu Queens,ali & ratu ratu queens
Record of Ragnarok (Shûmatsu no Valkyrie),record of ragnarok shûmatsu no valkyrie
Fan Girl,fan girl
Aziza,aziza
Besieged Bread,besieged bread
Elite Short Stories: Omar Ander Alexis,elite short stories omar ander alexis
Penguin Town,penguin town
Security,security
The Hook,the hook
Thieves (Les voleurs),thieves les voleurs
Hercule & Sherlock,hercule & sherlock
Dialogue avec mon jardinier,dialogue avec mon jardinier
It’s My Turn,its my turn
Diaries of The 1900’s,diaries of the 1900s
Look at Me (Comme une image),look at me comme une image
Rimet Trophy,rimet trophy
Headspace: Unwind Your Mind,headspace unwind your mind
Beaumarchais the Scoundrel (Beaumarchais l’insolent),beaumarchais the scoundrel beaumarchais linsolent
Madame Irma,madame irma
Aldo Moro – The Statesman,aldo moro – the statesman
Elite Short Stories: Nadia Guzmán,elite short stories nadia guzmán
Hellphone,hellphone
Witch Way Love (Un amour de sorcière),witch way love un amour de sorcière
A Man for the Weekend,a man for the weekend
Crime Is Our Business (Le crime est notre affaire),crime is our business le crime est notre affaire
Cirque du Soleil: Worlds Away,cirque du soleil worlds away
Elite Short Stories: Guzmán Caye Rebe,elite short stories guzmán caye rebe
Picture a Scientist,picture a scientist
Wish Dragon,wish dragon
Skater Girl,skater girl
Trese,trese
Trese After Dark,trese after dark
Locombianos,locombianos
Tragic Jungle (Selva trágica),tragic jungle selva trágica
Wanted,wanted
"Fresh, Fried & Crispy",fresh fried & crispy
Awake,awake
Camellia Sisters (Gái Già Lam Chiêu 5),camellia sisters gái già lam chiêu 5
Blind Intersections,blind intersections
Colonel Chabert,colonel chabert
Rosalie Goes Shopping,rosalie goes shopping
Private Fears in Public Places,private fears in public places
Day Off,day off
Requiem for a Killer,requiem for a killer
18 Years Later,18 years later
Daybreak (Le jour se lève),daybreak le jour se lève
Game of Four,game of four
The Demons of Jesus,the demons of jesus
Place Vendôme,place vendôme
Les mythos,les mythos
Taking Off,taking off
An Ordinary Execution (Une exécution ordinaire),an ordinary execution une exécution ordinaire
